{
  "satellites": [
    {
      "id": "CUSTOM-1",
      "name": "ISS",
      "tle": [
        "1 25544U 98067A   25105.53237150  .00014782  00000-0  27047-3 0  9994",
        "2 25544  51.6375 257.3560 0005276  47.8113  31.7820 15.49569282505441"
      ],
      "satID": "CUSTOM-1",
      "eccen": 0.0005276,
      "incli": 51.6375,
      "node": 257.3560,
      "omega": 47.8113,
      "mnMotion": 15.49569282,
      "mnAnomaly": 31.7820,
      "revNum": 50544
    },
    {
      "id": "CUSTOM-2",
      "name": "NOAA 19 (Sample)",
      "tle": [
        "1 33591U 09005A   25105.48293157  .00000212  00000-0  14346-3 0  9996",
        "2 33591  99.1840 151.6019 0013671 307.9218  52.0824 14.12465115746586"
      ],
      "satID": "CUSTOM-2",
      "eccen": 0.0013671,
      "incli": 99.1840,
      "node": 151.6019,
      "omega": 307.9218,
      "mnMotion": 14.12465115,
      "mnAnomaly": 52.0824,
      "revNum": 74658
    }
  ]
}